HOSP_NAME,HOSP_TYPE,DISTRICT_NAME,SPECIALTY_NAME,HOSP_CONTACT_NO,HOSP_EMAIL_ID,HOSP_ADDRESS
PANDIT HARGOVIND PANT DISTRICT HOSPITAL ALMORA,Public,ALMORA,"Paediatric cancer (M4) ,Burns management (S11) ,Plastic & reconstructive (S10) ,Cardiology (S12) ,Radiation Oncology (M6) ,Paediatric medical management (M2) ,Interventional Neuroradiology (S9) ,Neurosurgery (S8) ,Medical Oncology (M5) ,,General Medicine (M1) ,Emergency Room Packages (Care requiring less than 12 hrs stay) (M7) ,Mental Disorders Packages (M8) ,Oral and Maxillofacial Surgery (S16) ,Paediatric surgery (S14) ,,Orthopaedics (S5) ,Surgical Oncology (S15) ,Opthalmology (S3) ,Otorhinolaryngology (S2) ,Urology (S7) ,Obstetrics & Gynaecology (S4) ,General Surgery (S1) ",9412962220,cmsdhalmora@gmail.com,Chowk Bazar Almora
Community Health Centre CHAUKHUTIA,Public,ALMORA,"Paediatric medical management (M2) ,,Obstetrics & Gynaecology (S4) ",7066673120,chcchaukhutia@gmail.com,CHC CHAUKHUTIA
 G T GOVT BASE HOSPITAL ALMORA,Public,ALMORA,"Paediatric medical management (M2) ,Paediatric cancer (M4) ,Medical Oncology (M5) ,Mental Disorders Packages (M8) ,Otorhinolaryngology (S2) ,General Surgery (S1) ,Opthalmology (S3) ,Orthopaedics (S5) ",9412315001,qmu.almora@gmail.com,"VILLAGE-KHATYARI, LOWER MALL ROAD"
V M J Female Hospital Almora,Public,ALMORA,,8923850731,cmswomengovhos@gmail.com,"V.M. J. Female Hospital,Almora"
chc dwarahat,Public,ALMORA,,8476840282,chcdwarahat@gmail.com,dwarahat
Govind Singh Mahara Government Hospital Ranikhet,Public,ALMORA,"Paediatric medical management (M2) ,Paediatric cancer (M4) ,General Surgery (S1) ,Obstetrics & Gynaecology (S4) ,Orthopaedics (S5) ,Opthalmology (S3) ",9627991089,gsmghranikhet@gmail.com,Sadar Bazar Ranikhet 
 CHC Bhikiyasen,Public,ALMORA,,9411485572,pppchcbhikiyasen@gmail.com,CHC Bhikiyasen
CHC DHAULADEVI,Public,ALMORA,,9756813713,dhauladeviphc@gmail.com,"Kheti Road, Chausala, Dhauladevi Town, Almora, Uttarakhand"
jeewan jyoti hospital almora,PrivateP,ALMORA,"Obstetrics & Gynaecology (S4) ,General Surgery (S1) ",9410784198,vinitajoshi1973@gmail.com,jeewan jyoti mall road near s.b.i almora 
Eye Q Vision Private Limited,PrivateP,ALMORA,Opthalmology                                                    (SE) ,8607434049,rohit.kumar@eyeqindia.com,"Latwal Bhawan, Karbala, Almora"
DRISHTI CENTER FOR ADVANCED EYE CARE,PrivateP,ALMORA,Opthalmology                                                    (SE) ,9690956781,drishtialmoraofficial@gmail.com,Malla joshi khola near savoy hotel
SLS DISTIRCT HOSPITAL BAGESHWAR ,Public,BAGESHWAR,Orthopaedics (S5) ,9897638665,distt.hospitalbgr11@gmail.com,BANKHOLA NEAR SARYU BRIGDE
chc kapkot,Public,BAGESHWAR,,7535988872,chckapkot@gmail.com,Chc kapkot Bageshwar
MOHAN SINGH MEHTA CHC BAIJNATH,Public,BAGESHWAR,"Paediatric cancer (M4) ,Paediatric medical management (M2) ",9927581340,chcbaijnath@gmail.com,Garur
CHC KANDA,Public,BAGESHWAR,"Obstetrics & Gynaecology (S4) ,Orthopaedics (S5) ,Paediatric surgery (S14) ,Follow up Surgical (M13) ,Paediatric medical management (M2) ,Mental Disorders Packages (M8) ,Surgical Oncology (S15) ,Paediatric cancer (M4) ",8954724742,chcbageshwar@gmail.com,chc kanda
COMMUNITY HEALTH CENTRE KARANPRAYAG,Public,CHAMOLI,"General Surgery (S1) ,Medical Oncology (M5) ,Mental Disorders Packages (M8) ,Follow up Surgical (M13) ,Obstetrics & Gynaecology (S4) ,,Orthopaedics (S5) ,Otorhinolaryngology (S2) ,Opthalmology (S3) ,Paediatric surgery (S14) ,Paediatric medical management (M2) ,Paediatric cancer (M4) ",8475076045,dcdeepak985@gmail.com,SDH  Karanprayag
CHC GAIRSAIN,Public,CHAMOLI,"Paediatric medical management (M2) ,Obstetrics & Gynaecology (S4) ,Orthopaedics (S5) ",9582479042,chcgairsainchamoli@gmail.com,Dak bangla road  Gairsain chamoli
CHC THARALI,Public,CHAMOLI,"Paediatric medical management (M2) ,Mental Disorders Packages (M8) ,Orthopaedics (S5) ,Obstetrics & Gynaecology (S4) ",7351790145,bpmutharali@gmail.com,CHC THARALI
LATE SHRI NARENDRA SINGH BHANDARI MEMORIAL DISTRICT HOSPITAL GOPASWAR CHAMOLI,Public,CHAMOLI,"Paediatric cancer (M4) ,Medical Oncology (M5) ,Paediatric medical management (M2) ,Mental Disorders Packages (M8) ,General Surgery (S1) ,Orthopaedics (S5) ,Follow up Surgical (M13) ,Otorhinolaryngology (S2) ,Opthalmology (S3) ,Obstetrics & Gynaecology (S4) ",7668377541,sandeepsainjwal73@gmial.com,LATE SHRI NARENDRA SINGH BHANDARI MEMORIAL DISTRICT HOSPITAL GOPASWAR CHAMOLI
CHC Joshimath,Public,CHAMOLI,"Paediatric medical management (M2) ,Obstetrics & Gynaecology (S4) ",9917118242,sonukum9917@gmail.com,Near-Narsingh Mandir
CHC POKHARI,Public,CHAMOLI,"Obstetrics & Gynaecology (S4) ,Mental Disorders Packages (M8) ,Orthopaedics (S5) ,Paediatric medical management (M2) ",9761804595,chcpokhari@gmail.com,vinayakdhar
CHC GHAT,Public,CHAMOLI,"Obstetrics & Gynaecology (S4) ,Paediatric medical management (M2) ",7895126155,bphcghat@gmail.com,chc ghat 
DH Champawat,Public,CHAMPAWAT,"Paediatric medical management (M2) ,General Surgery (S1) ,Orthopaedics (S5) ,Paediatric cancer (M4) ,Interventional Neuroradiology (S9) ,,Opthalmology (S3) ",9897920872,dhchampawat2020@gmail.com,"DISTRICT HOSPITAL, Tanakpur Road CHAMPAWAT"
CHC Lohaghat,Public,CHAMPAWAT,,9808906014,sdhlohaghat@gmail.com,bajrangbali ward near raamleela field
combined hospital tanakpur,Public,CHAMPAWAT,,8755141187,chtanakpur@gmail.com,Combined Hospital Tanakpur
JEEVAN ANMOL MULTI SPECIALITY HOSPITAL,PrivateP,CHAMPAWAT,"Orthopaedics                                                    (SB) ,General Medicine                                                (MG) ,Paediatric Medical management                                   (MP) ,Neo-natal care Packages                                         (MN) ,Obstetrics   Gynaecology                                        (SO) ",9410718191,jeevananmol.tpadesk@gmail.com,"Near MES Camp Tanakpur Road, Champawat Uttarakhand"
govt doon medical college hospital dehradun,Public,DEHRADUN,"Paediatric medical management (M2) ,Follow up Surgical (M13) ,Mental Disorders Packages (M8) ,Emergency Room Packages (Care requiring less than 12 hrs stay) (M7) ,Radiation Oncology (M6) ,Medical Oncology (M5) ,,Paediatric cancer (M4) ,General Medicine (M1) ,Oral and Maxillofacial Surgery (S16) ,,Surgical Oncology (S15) ,Paediatric surgery (S14) ,Cardio-thoracic & Vascular surgery (S13) ,Cardiology (S12) ,Burns management (S11) ,Plastic & reconstructive (S10) ,Interventional Neuroradiology (S9) ,Neurosurgery (S8) ,Urology (S7) ,General Surgery (S1) ,Otorhinolaryngology (S2) ,Opthalmology (S3) ,Obstetrics & Gynaecology (S4) ,Orthopaedics (S5) ",9956867228,govtdoonhospital@gmail.com,New court road Dehradun
CHC Doiwala,Public,DEHRADUN,"Paediatric medical management (M2) ,Orthopaedics (S5) ,Paediatric cancer (M4) ,Otorhinolaryngology (S2) ",9634886527,ayushmanbharatdoiwala@gmail.com,Community Health Center Doiwala Dehradun
CHC Vikasnagar,Public,DEHRADUN,"Paediatric cancer (M4) ,General Surgery (S1) ,,Obstetrics & Gynaecology (S4) ,Paediatric medical management (M2) ,Orthopaedics (S5) ",9411352973,moicchcvikasnagar@gmail.com,SDH VIKASNAGAR
Pandit Deen Dayal Upadhyay govt Hospital Dehradun ,Public,DEHRADUN,"Paediatric medical management (M2) ,Radiation Oncology (M6) ,Medical Oncology (M5) ,Paediatric cancer (M4) ,Follow up Surgical (M13) ,Emergency Room Packages (Care requiring less than 12 hrs stay) (M7) ,General Surgery (S1) ,Otorhinolaryngology (S2) ,Opthalmology (S3) ,Plastic & reconstructive (S10) ,Paediatric surgery (S14) ,,General Medicine (M1) ,Urology (S7) ,Orthopaedics (S5) ,Obstetrics & Gynaecology (S4) ",9368682428,coronationhosp@gmail.com,Curzon Road Dalan wala Dehradun
SPS Govt Hospital Rishikesh,Public,DEHRADUN,"General Surgery (S1) ,Opthalmology (S3) ,Mental Disorders Packages (M8) ,,Orthopaedics (S5) ,Paediatric medical management (M2) ,Obstetrics & Gynaecology (S4) ",6398899532,spsrishikesh@gmail.com,SPS HOSPITAL RISHIKESH
CHC Sahiya,Public,DEHRADUN,Paediatric medical management (M2) ,6398429579,chcsahiya62@gmail.com,SAHIYA
Combined Govt Hospital Prem Nagar,Public,DEHRADUN,",Paediatric cancer (M4) ,Paediatric medical management (M2) ,Opthalmology (S3) ,Otorhinolaryngology (S2) ,General Surgery (S1) ,Obstetrics & Gynaecology (S4) ",8279965876,chpremnagar@gmail.com,Combined Hospital Prem Nagar
CHC Chakrata,Public,DEHRADUN,Paediatric medical management (M2) ,9997424240,chcchakrata@gmail.com,CHC Chakrata
CHC RAIPUR,Public,DEHRADUN,"Paediatric medical management (M2) ,Otorhinolaryngology (S2) ,Obstetrics & Gynaecology (S4) ,Paediatric cancer (M4) ",9927497341,chcraipur2@gmail.com,THANO ROAD RAIPUR
GOVT SAINT MARRY HOSPITAL ,Public,DEHRADUN,"Paediatric cancer (M4) ,Otorhinolaryngology (S2) ,Orthopaedics (S5) ",9917750785,promisstmarry@gmail.com,Kulri Bazar Mussoorie
All India Institute of Medical Sciences Rishikesh,Public,DEHRADUN,"Opthalmology (S3) ,Follow up Surgical (M13) ,General Surgery (S1) ,Mental Disorders Packages (M8) ,Emergency Room Packages (Care requiring less than 12 hrs stay) (M7) ,Radiation Oncology (M6) ,Medical Oncology (M5) ,,Paediatric cancer (M4) ,Paediatric medical management (M2) ,General Medicine (M1) ,Oral and Maxillofacial Surgery (S16) ,,Surgical Oncology (S15) ,Paediatric surgery (S14) ,Cardio-thoracic & Vascular surgery (S13) ,Cardiology (S12) ,Otorhinolaryngology (S2) ,Urology (S7) ,Neurosurgery (S8) ,Interventional Neuroradiology (S9) ,Plastic & reconstructive (S10) ,Burns management (S11) ,Orthopaedics (S5) ,Obstetrics & Gynaecology (S4) ",9720803003,mohit.ortho@aiimsrishikesh.edu.in,"AIIMS, RISHIKESH"
chcsahaspur,Public,DEHRADUN,Obstetrics & Gynaecology (S4) ,9760866488,chcsahaspur@gmail.com,chcsahaspur
STATE MENTAL HEALTH INSTITUTE,Public,DEHRADUN,Follow up Surgical (M13) ,9837180999,drvinaysharmaa@gmail.com,SELAQUI
CHC Mussoorie,Public,DEHRADUN,"Paediatric cancer (M4) ,Paediatric medical management (M2) ,,Obstetrics & Gynaecology (S4) ,General Surgery (S1) ",9457424412,chcmussoorie@gmail.com,CHC MUSSOORIE
PREMSUKH HOSPITAL,PrivateP,DEHRADUN,"Medical Oncology (M5) ,Emergency Room Packages (Care requiring less than 12 hrs stay) (M7) ,Plastic & reconstructive (S10) ,General Surgery (S1) ,Radiation Oncology (M6) ,Otorhinolaryngology (S2) ,Mental Disorders Packages (M8) ,Obstetrics & Gynaecology (S4) ,Orthopaedics (S5) ,General Medicine (M1) ,Paediatric medical management (M2) ",9412998075,amathur384@gmail.com,"17 malviya road,laxman chowk,DEHRADUN"
Navjyoti Eye Hospital,PrivateP,DEHRADUN,Opthalmology                                                    (SE) ,9410771232,wavelasik@gmail.com,Nehru Colony
Jeevan Jyoti clinic,PrivateNP,DEHRADUN,Opthalmology (S3) ,9358106859,jeevanjyotitpa@gmail.com,"24 C-19A,TURNER ROAD ,CLEMEN TOWH"
M M NAITHANI EYE CENTRE,PrivateP,DEHRADUN,Opthalmology (S3) ,8171125871,mmnec.dehradun@gmail.com,"67/4 pritam road,dalanwala,dehradun"
RAMRATI EYE HOSPITAL,PrivateP,DEHRADUN,Opthalmology (S3) ,9258334800,drkumarsanju@yahoo.com,"34/2 , special wing , Premnagar"
SUBHARTI HOSPITAL ,PrivateNP,DEHRADUN,"Obstetrics & Gynaecology (S4) ,Opthalmology (S3) ,Otorhinolaryngology (S2) ,General Surgery (S1) ,Mental Disorders Packages (M8) ,Paediatric cancer (M4) ,Paediatric medical management (M2) ,,Orthopaedics (S5) ",8194007324,msbycell.subhartiddn@gmail.com,"Dr. KKBM Subharti Hospital, Jhajhara chakrata road dehradun"
Drishti Eye Institute,PrivateP,DEHRADUN,Opthalmology (S3) ,9897682401,drishti.dehradun@gmail.com,"16 Subhash Road, Astley Hall"
Nirmal Ashram Eye Institute,PrivateNP,DEHRADUN,Opthalmology (S3) ,7055423456,ayushmanbharat@naeirksh.org,"Khairi-Kalan, Near Nepali Farm, P.O. Satyanarayan"
SWAMI RAMA HIMALAYAN UNIVERSITY,PrivateNP,DEHRADUN,"Radiation Oncology (M6) ,,Medical Oncology (M5) ,,Paediatric cancer (M4) ,Paediatric medical management (M2) ,General Medicine (M1) ,Oral and Maxillofacial Surgery (S16) ,General Surgery (S1) ,Otorhinolaryngology (S2) ,Opthalmology (S3) ,Obstetrics & Gynaecology (S4) ,Mental Disorders Packages (M8) ,Orthopaedics (S5) ,Urology (S7) ,Neurosurgery (S8) ,Interventional Neuroradiology (S9) ,Emergency Room Packages (Care requiring less than 12 hrs stay) (M7) ,Plastic & reconstructive (S10) ,Burns management (S11) ,Cardiology (S12) ,Cardio-thoracic & Vascular surgery (S13) ,Surgical Oncology (S15) ",6397083884,billing.ab@srhu.edu.in,Swami Ram Nagar
Shri Mahant Indiresh Hospital,PrivateNP,DEHRADUN,"Paediatric cancer (M4) ,Opthalmology (S3) ,Otorhinolaryngology (S2) ,Surgical Oncology (S15) ,General Medicine (M1) ,General Surgery (S1) ,Orthopaedics (S5) ,Paediatric medical management (M2) ,Mental Disorders Packages (M8) ,Emergency Room Packages (Care requiring less than 12 hrs stay) (M7) ,Radiation Oncology (M6) ,Medical Oncology (M5) ,,Obstetrics & Gynaecology (S4) ,Urology (S7) ,Interventional Neuroradiology (S9) ,Plastic & reconstructive (S10) ,Paediatric surgery (S14) ,",9389922422,msoffice@sgrrmc.com,PATEL NAGAR
KANDARI NURSING HOME,PrivateP,DEHRADUN,General Surgery (S1) ,9760244482,droskandari@gmail.com,331/2 dehradun road rishikesh uttarakhand
Ramakrishna Mission Ashrama Vivekananda Netralaya,PrivateNP,DEHRADUN,Opthalmology (S3) ,7017506825,prithviraj@vivekanandanetralaya.org,RAMAKRISHNA MISSION ASHRAMA VIVEKANANDA NETRALAYA
Krishna Medical Centre,PrivateP,DEHRADUN,"Paediatric surgery (S14) ,Paediatric cancer (M4) ,Paediatric medical management (M2) ,General Medicine (M1) ,,Cardiology (S12) ,Plastic & reconstructive (S10) ,,Interventional Neuroradiology (S9) ,Emergency Room Packages (Care requiring less than 12 hrs stay) (M7) ,Mental Disorders Packages (M8) ,Orthopaedics (S5) ,Obstetrics & Gynaecology (S4) ,Otorhinolaryngology (S2) ,General Surgery (S1) ,Opthalmology (S3) ",9411727000,contact@samarpankmc.com,"22-INDER ROAD, DALANWALA"
S.K.MEMORIAL HOSPITAL,PrivateP,DEHRADUN,"General Medicine (M1) ,,Surgical Oncology (S15) ,Otorhinolaryngology (S2) ,General Surgery (S1) ,Mental Disorders Packages (M8) ,Radiation Oncology (M6) ,Obstetrics & Gynaecology (S4) ,Interventional Neuroradiology (S9) ,Orthopaedics (S5) ,Paediatric medical management (M2) ",9557181742,skmemorial.hr@gmail.com,"12 East Canal Road, Dehradun"
SUNANDA MEDICAL CENTRE,PrivateP,DEHRADUN,"Otorhinolaryngology (S2) ,General Medicine (M1) ,Paediatric medical management (M2) ,Interventional Neuroradiology (S9) ,Obstetrics & Gynaecology (S4) ,General Surgery (S1) ",9927361964,sunandahospital321@gmail.com,ASHWANI ENCLAVE LANE 1 SHIMLA BYPASS DEHRADUN
Dr. Kohli Laproscopic Multispeciality Hospital    RISHIKESH,PrivateNP,DEHRADUN,"Paediatric cancer (M4) ,Paediatric medical management (M2) ,",8475005009,kohlihospital@gmail.com,"Tilak Road, RISHIKESH"
ARIHANT ADVANCE SURGERY & FERTILITY CENTER DEHRADUN,PrivateP,DEHRADUN,"General Surgery (S1) ,Interventional Neuroradiology (S9) ,Obstetrics & Gynaecology (S4) ",8755703129,arihanttpa@gmail.com,"18 Main Haridwar Road, Shastri Nagar, Dehradun"
GOVIND HOSPITAL,PrivateP,DEHRADUN,"Otorhinolaryngology (S2) ,Obstetrics & Gynaecology (S4) ,Orthopaedics (S5) ,Paediatric medical management (M2) ,General Surgery (S1) ",9412029353,GOVINDHOSPITAL.HR@GMAIL.COM,GOVIND HOSPITAL
JOSHI MULTISPECIALITY HOSPITAL,PrivateP,DEHRADUN,"Orthopaedics (S5) ,Obstetrics & Gynaecology (S4) ,General Surgery (S1) ,",9557898152,joshihealthcareselaqui@gmail.com,JOSHI MULTISPECIALTY HOSPITAL
Chardham Hospital,PrivateP,DEHRADUN,General Medicine                                                (MG) ,8218802644,chardhamhospital@gmail.com,118 E Nehru Colony
DOON INSTITUTE OF MEDICAL SCIENCES & HOSPITAL,PrivateNP,DEHRADUN,"Paediatric medical management (M2) ,General Medicine (M1) ,Orthopaedics (S5) ,Obstetrics & Gynaecology (S4) ,General Surgery (S1) ",9870645799,dimsdehradoon@gmail.com,"VILLAGE- SHANKARPUR, SAHASPUR, TEHSIL-VIKASNAGAR"
NICE HOSPITAL,PrivateP,DEHRADUN,"Cardiology                                                      (MC) ,Urology                                                         (SU) ,General Surgery                                                 (SG) ,Orthopaedics                                                    (SB) ,Neurosurgery                                                    (SN) ",7895155794,info@nicehospital.org,50-A SUBHASH ROAD 
Vinod Ortho Clinic,PrivateP,DEHRADUN,"Orthopaedics                                                    (SB) ,Obstetrics   Gynaecology                                        (SO) ",8076981610,rawatrajesh1617@yahoo.com,"4, 6 Inder Road, Dalanwala"
Shree Eye Care ,PrivateNP,DEHRADUN,Opthalmology                                                    (SE) ,9557687267,shreeeyecaretpa@gmail.com,"199, Nirman Vihar, Near Rispana Bridge, Haridwar Bypass Road"
LANDOUR COMMUNITY HOSPITAL,PrivateNP,DEHRADUN,"General Surgery                                                 (SG) ,Emergency Room Packages (Care requiring less than 12 hrs stay)  (ER) ,General Medicine                                                (MG) ,Orthopaedics                                                    (SB) ",8979189127,mussoorie@eha-health.org,Near Old Tehri Bus Stand
Shiv Chikitsalay,PrivateP,DEHRADUN,"Obstetrics   Gynaecology                                        (SO) ,Orthopaedics                                                    (SB) ,General Medicine                                                (MG) ,General Surgery                                                 (SG) ,Opthalmology                                                    (SE) ",8553428919,shivchikitsalay@gmail.com,33 Raj Vihar Phase 2 Chakrata Road
CITY HEART CENTRE,PrivateP,DEHRADUN,Cardiology                                                      (MC) ,7900690628,lk2786110@gmail.com,"55, E.C ROAD DEHRADUN"
Life Line Hospital & Urology Institute ,PrivateNP,DEHRADUN,Interventional Neuroradiology (S9) ,9927012218,dunlifeline@gmail.com,"98/18 pragati vihar,dharampur"
NETRAM EYE CARE,PrivateP,DEHRADUN,Opthalmology                                                    (SE) ,9927755044,BMVINODKUMAR88@GMAIL.COM,"7/3, GROUND FLOOR, SHIVAM TOWER,HATHIBARKALA SALWALA"
Vibhuti Superspeciality Hospital,PrivateNP,DEHRADUN,"Obstetrics   Gynaecology                                        (SO) ,Paediatric Medical management                                   (MP) ,General Surgery                                                 (SG) ,General Medicine                                                (MG) ,Urology                                                         (SU) ,Orthopaedics                                                    (SB) ",8489889130,info@vibhutihospitals.com,"Maharana Complex, Near Anna Hajare Chowk Shimla Bypass Road, Mehuwala, Dehradun"
MEDITRINA HOSPITALS,PrivateP,DEHRADUN,"Cardio-thoracic   Vascular surgery                              (SV) ,Cardiology                                                      (MC) ",9072258101,Centrehead.ddn@meditrinahospital.com,"2nd floor, Coronation hospital"
UTTARANCHAL DENTAL & MEDICAL RESEARCH INSTITUTE,PrivateP,DEHRADUN,"Oral and Maxillofacial Surgery                                  (SM) ,Urology                                                         (SU) ,Obstetrics   Gynaecology                                        (SO) ,General Surgery                                                 (SG) ,General Medicine                                                (MG) ",9130572752,drpreetiuttaranchalhospital@gmail.com,"Mazri Grant, Haridwar Road"
GRAPHIC ERA INSTITUTE OF MEDICAL SCIENCES  &  GRAPHIC ERA HOSPITAL ,PrivateNP,DEHRADUN,"Paediatric Medical management                                   (MP) ,Emergency Room Packages (Care requiring less than 12 hrs stay)  (ER) ,General Surgery                                                 (SG) ,General Medicine                                                (MG) ,Opthalmology                                                    (SE) ,Obstetrics   Gynaecology                                        (SO) ,Orthopaedics                                                    (SB) ,Neurosurgery                                                    (SN) ,Polytrauma                                                      (ST) ,Neo-natal care Packages                                         (MN) ",7351643115,udaynegi121@gmail.com,Dhoolkot Selaqui Road 
Panacea Hospital ,PrivateP,DEHRADUN,"General Surgery                                                 (SG) ,Emergency Room Packages (Care requiring less than 12 hrs stay)  (ER) ,Obstetrics   Gynaecology                                        (SO) ,Urology                                                         (SU) ,General Medicine                                                (MG) ,Infectious Diseases (ID) ,Orthopaedics                                                    (SB) ,Neurosurgery                                                    (SN) ,Polytrauma                                                      (ST) ",8750937300,rishikeshpanaceatpa@gmail.com,Panacea Hospital Rishikesh
Panacea Hospital,PrivateP,DEHRADUN,"Infectious Diseases (ID) ,Neurosurgery                                                    (SN) ,Urology                                                         (SU) ,Polytrauma                                                      (ST) ,Emergency Room Packages (Care requiring less than 12 hrs stay)  (ER) ,General Medicine                                                (MG) ,General Surgery                                                 (SG) ,Obstetrics   Gynaecology                                        (SO) ,Orthopaedics                                                    (SB) ",8630070909,doonpanaceahospital@gmail.com,"529, Haridwar Road, Opp LIC Building, Dharampur"
Kailash Omega Cancer Centre,PrivateP,DEHRADUN,"Medical Oncology                                                (MO) ,Radiation Oncology                                              (MR) ,Surgical Oncology                                               (SC) ",8897935057,lakshmiprasad5ster@gmail.com,"MAIN HARIDWAR ROAD, NEAR JOGIWALA CHOWK"
ARYAN MULTISPECIALITY HOSPITAL,PrivateP,DEHRADUN,"General Medicine                                                (MG) ,Orthopaedics                                                    (SB) ,Emergency Room Packages (Care requiring less than 12 hrs stay)  (ER) ,Paediatric Medical management                                   (MP) ,Neo-natal care Packages                                         (MN) ,General Surgery                                                 (SG) ,Infectious Diseases (ID) ,Obstetrics   Gynaecology                                        (SO) ",9410742022,aryanhospitalddn1@gmail.com,Gurudwara shri Guru singh sabha Langar Hall Rishikesh Road Doiwala
spandan heart center,PrivateP,DEHRADUN,Cardiology                                                      (MC) ,9557906880,spandanheartcenter2022@gmail.com,"1st Floor Shivalik MRI Center, Visthapit Colony, Behind Hotel Kailash Ganga,"
Baluni Hospital ,PrivateP,DEHRADUN,"Orthopaedics                                                    (SB) ,Urology                                                         (SU) ,Obstetrics   Gynaecology                                        (SO) ,General Medicine                                                (MG) ,Emergency Room Packages (Care requiring less than 12 hrs stay)  (ER) ,General Surgery                                                 (SG) ",7017532638,balunihospital@gmail.com,"Ring road, Near Jogiwala chowk, Viveka Nand Gram-Phase-I, Dehradun, Uttarakhand"
Aarogyadham Super Speciality Hospital & Research center,PrivateP,DEHRADUN,"Urology                                                         (SU) ,Medical Oncology                                                (MO) ,General Medicine                                                (MG) ,General Surgery                                                 (SG) ,Surgical Oncology                                               (SC) ",9997171008,contact@aarogyadhamhospital.com,06- NEW ROAD
SINGH EYE HOSPITAL,PrivateP,DEHRADUN,Opthalmology                                                    (SE) ,9412347530,singheyehospitals@gmail.com,"230 Araghar Chowk, Haridwar Road Dehradun"
Herbertpur Christian Hospital,PrivateNP,DEHRADUN,"Paediatric medical management (M2) ,General Medicine (M1) ,General Surgery (S1) ,Otorhinolaryngology (S2) ,Orthopaedics (S5) ,Paediatric cancer (M4) ,,Obstetrics & Gynaecology (S4) ,Opthalmology (S3) ,Neurosurgery (S8) ",9412935106,ayushmanhch@gmail.com,HERBERTPUR CHRISTIAN HOSPITAL
KESHAV MEDICAL CENTRE,PrivateP,DEHRADUN,"Otorhinolaryngology (S2) ,Obstetrics & Gynaecology (S4) ,General Surgery (S1) ",9837116987,keshavmedicalcentre@gmail.com,"GMS ROAD, NEAR OLYMPUS HIGH SCHOOL"
Medicare hospital,PrivateP,DEHRADUN,"Otorhinolaryngology (S2) ,Obstetrics & Gynaecology (S4) ,General Surgery (S1) ,Mental Disorders Packages (M8) ,Paediatric medical management (M2) ,Orthopaedics (S5) ,General Medicine (M1) ,",9897716379,medicarehospitalab@gmail.com,"CHAKRATA ROAD, NEAR SPICE HOTEL SELAQUI"
ANAND NETRALAYA,PrivateNP,DEHRADUN,Opthalmology (S3) ,9997999703,nitin@anandnetralaya.com,"19, TILAK ROAD, DEHRADUN"
Velmed hospitals,PrivateNP,DEHRADUN,"Medical Oncology (M5) ,Orthopaedics (S5) ",8394922226,Corporate.velmed@gmail.com,"TURNER ROAD, CLEMENT TOWN, NR ISBT, DEHRADUN"
CHC BHAGWANPUR,Public,HARIDWAR,,9045678906,chcbhagwanpur@gmail.com,Bhagwanpur
JNSM Govt Combined Hospital Roorkee,Public,HARIDWAR,"Orthopaedics (S5) ,General Surgery (S1) ,Obstetrics & Gynaecology (S4) ,Cardio-thoracic & Vascular surgery (S13) ,Paediatric medical management (M2) ,Paediatric cancer (M4) ,",7217351002,hmroorkee2017@gmail.com,"Eid Gah Chaouk Near Ramnagar, Dehradoon Road Roorkee"
CRW HOSPITAL HARIDWAR,Public,HARIDWAR,",Obstetrics & Gynaecology (S4) ",8279749249,qmudhharidwar@gmail.com,"CHAINRAI DISTT FEMALE HOSPITAL, UPPER ROAD,"
Harmilap Mission District Hospital,Public,HARIDWAR,"Orthopaedics (S5) ,Opthalmology (S3) ,Paediatric cancer (M4) ,Otorhinolaryngology (S2) ,Medical Oncology (M5) ,General Surgery (S1) ,Paediatric medical management (M2) ",8279749249,hmghospital@gmail.com,Harmilap Mission District Hospital
CHC NARSAN,Public,HARIDWAR,Paediatric medical management (M2) ,7895003282,chcnarsan@gmail.com,Gurukul Narsan
Chc laksar,Public,HARIDWAR,Obstetrics & Gynaecology (S4) ,9997030381,bpmulaksar@gmail.com,"chc laksar, society road laksar"
Chc khanpur,Public,HARIDWAR,Obstetrics & Gynaecology (S4) ,7060927335,bpmukhanpur@gmail.com,"chc khanpur, khanpur near block office"
CHC BAHADRABAD,Public,HARIDWAR,"General Surgery (S1) ,Obstetrics & Gynaecology (S4) ",9758180997,chcbahadrabad@gmail.com,Bahadrabad
Govt Mela Hospital,Public,HARIDWAR,"Paediatric medical management (M2) ,General Surgery (S1) ",9412034991,govtmelahospital@gmail.com,BILKESHWAR ROAD
VEDANTA JYOTI EYE HOSPITAL,PrivateP,HARIDWAR,Opthalmology (S3) ,9760481017,vjehospital@gmail.com,Near Bharat Furniture Chawmandi Roorkee
Dev Bhoomi Hospital and Medical Research Centre,PrivateP,HARIDWAR,"Obstetrics & Gynaecology (S4) ,Mental Disorders Packages (M8) ,Paediatric medical management (M2) ,Paediatric cancer (M4) ,General Surgery (S1) ,Orthopaedics (S5) ",9639001764,newdevbhoomihospital@gmail.com,173 new Haridwar Colony Near Water Tank
Abhilasha Eye Hospital,PrivateP,HARIDWAR,Opthalmology (S3) ,9870934586,abhilashaeyehospital@gmail.com,"Railway Road, Roorkee"
Eye Q Vision Pvt Ltd,PrivateP,HARIDWAR,Opthalmology (S3) ,9717292625,shokat.ali@eyeqindia.com,"Eye Q Super Speciality Eye Hospital, Near Sindhi Sweets, Chanderpuri, Roorkee"
The Hans Foundation Eye Care A Unit of The Hans Foundation,PrivateNP,HARIDWAR,Opthalmology (S3) ,9456597822,tpa.ec@thfhospitals.org,Delhi Haridwar Highway
METRO HOSPITAL AND HEART INSTITUTE,PrivateP,HARIDWAR,"Otorhinolaryngology (S2) ,General Surgery (S1) ,Opthalmology (S3) ,Obstetrics & Gynaecology (S4) ,Orthopaedics (S5) ,Urology (S7) ,Neurosurgery (S8) ,Interventional Neuroradiology (S9) ,Plastic & reconstructive (S10) ,Surgical Oncology (S15) ,,General Medicine (M1) ,Paediatric medical management (M2) ,Paediatric cancer (M4) ,,Medical Oncology (M5) ,Radiation Oncology (M6) ,Emergency Room Packages (Care requiring less than 12 hrs stay) (M7) ,Mental Disorders Packages (M8) ",8191902633,tpa-hwr@metrohospitals.com,"PLOT NO. F-1, Sector-6A"
PRAGYA HOSPITAL AND PARAMEDICAL COLLEGE,PrivateNP,HARIDWAR,"General Medicine (M1) ,,Opthalmology (S3) ,Obstetrics & Gynaecology (S4) ,General Surgery (S1) ,Paediatric medical management (M2) ",9897161533,dineshtripathidr@gmail.com,NEAR PNB BANK SAHARANPUR ROAD JHABRERA 
Sanjeevani Hospital,PrivateP,HARIDWAR,"General Surgery (S1) ,Orthopaedics (S5) ,Paediatric medical management (M2) ,Obstetrics & Gynaecology (S4) ,Interventional Neuroradiology (S9) ",9719314634,vishalverma100@gmail.com,"sati kund, laksar road, kankhal Haridwar"
Quadra Hospital,PrivateP,HARIDWAR,General Surgery (S1) ,7830535239,quadracampus@rediffmail.com,"NH-58, Haridwar Rd, near Monfort School, Roorkee, Uttarakhand"
Shri Swami Bhumanand Hospital,PrivateNP,HARIDWAR,"Obstetrics & Gynaecology (S4) ,Orthopaedics (S5) ,,Paediatric cancer (M4) ,Otorhinolaryngology (S2) ,General Medicine (M1) ,General Surgery (S1) ,Paediatric medical management (M2) ,Opthalmology (S3) ",7742673605,quality@bhumanand.com,RANI PUR JHALL JWALAPUR HARIDWAR ROORKEE ROOD NH-58
VINAY VISHAL HEALTHCARE PVT.LTD ROORKEE,PrivateP,HARIDWAR,"Medical Oncology (M5) ,Orthopaedics (S5) ,Radiation Oncology (M6) ,General Medicine (M1) ,General Surgery (S1) ,Obstetrics & Gynaecology (S4) ,,Mental Disorders Packages (M8) ,Paediatric medical management (M2) ",9997110001,admvvhc@gmail.com,"89,New Nehru Nagar"
Aarogyam Hospital,PrivateNP,HARIDWAR,"Orthopaedics (S5) ,General Surgery (S1) ,Paediatric cancer (M4) ,General Medicine (M1) ,,Surgical Oncology (S15) ,Paediatric medical management (M2) ,Plastic & reconstructive (S10) ,Obstetrics & Gynaecology (S4) ,Otorhinolaryngology (S2) ",9258154007,info@amchroorkee.in,"N.H. 73, Village Karondhi, P.O. Bhagwanpur, Roorkee,Distt. Haridwar - 247667"
Kapoor Multispeciality Hospital,PrivateP,HARIDWAR,"Opthalmology                                                    (SE) ,General Surgery                                                 (SG) ,General Medicine                                                (MG) ,Obstetrics   Gynaecology                                        (SO) ,Orthopaedics                                                    (SB) ",9897111115,kapoorhospitalroorkee@gmail.com,"G.T Road, adjoining Rajwaha Bridge, Manglore "
bhatnagar nursing home,PrivateP,HARIDWAR,"Cardiology                                                      (MC) ,General Medicine                                                (MG) ,Paediatric Medical management                                   (MP) ",9634277570,theabhishek@gmail.com,"Bhatnagar Nursing Home, Ganeshpur"
Colonels Healthcare management Services,PrivateP,HARIDWAR,"General Surgery                                                 (SG) ,General Medicine                                                (MG) ,Orthopaedics                                                    (SB) ",7205231158,chms.colonelshospital@gmail.com,"Colonels Hospital Behind Hotel Centrum, Delhi Road"
Hemant Hospital,PrivateP,HARIDWAR,"General Medicine                                                (MG) ,General Surgery                                                 (SG) ,Obstetrics   Gynaecology                                        (SO) ,Urology                                                         (SU) ,Infectious Diseases (ID) ,Emergency Room Packages (Care requiring less than 12 hrs stay)  (ER) ",9536845083,hemanthospital234@gmail.com,Hemant Hospital Malviya Chowk Roorkee
SUSHRUT POLYCLINIC AND TRAUMA CENTRE,PrivateP,HARIDWAR,Orthopaedics                                                    (SB) ,7830000623,sumantuv@yahoo.co.in,"45, NEW HARIDWAR COLONY"
VEELIAN GIRI NURSING HOME,PrivateP,HARIDWAR,"Emergency Room Packages (Care requiring less than 12 hrs stay)  (ER) ,Neurosurgery                                                    (SN) ,Opthalmology                                                    (SE) ,Paediatric Medical management                                   (MP) ,Infectious Diseases (ID) ,Orthopaedics                                                    (SB) ,General Medicine                                                (MG) ,Obstetrics   Gynaecology                                        (SO) ,General Surgery                                                 (SG) ",7417977199,velliangirihospital@gmail.com,"NH-58 DELHI HARIDWAR ROAD OPP,HERO SHOWROOM (ROORKEE),DISTRICT-HARIDWAR"
SHRI DHRUV CHARITABLE  HOSPITAL,PrivateP,HARIDWAR,"Infectious Diseases (ID) ,Urology                                                         (SU) ,Orthopaedics                                                    (SB) ,Obstetrics   Gynaecology                                        (SO) ,Opthalmology                                                    (SE) ,General Surgery                                                 (SG) ,Emergency Room Packages (Care requiring less than 12 hrs stay)  (ER) ,General Medicine                                                (MG) ",8979128775,dhruvhospital21@gmail.com,VILL AGE SAJANPUR PILI THANA SHYAMPUR NAZIBABAD ROAD HARIDWAR UTTARAKHAND
CITY HOSPITAL ,PrivateP,HARIDWAR,"General Medicine                                                (MG) ,Cardiology                                                      (MC) ,Neo-natal care Packages                                         (MN) ,Emergency Room Packages (Care requiring less than 12 hrs stay)  (ER) ,Urology                                                         (SU) ,Plastic   reconstructive Surgery                                (SP) ,General Surgery                                                 (SG) ,Paediatric Medical management                                   (MP) ,Orthopaedics                                                    (SB) ,Obstetrics   Gynaecology                                        (SO) ,Opthalmology                                                    (SE) ,Otorhinolaryngology                                             (SL) ",9675501227,cityhospitalhdr@hotmail.com,super complex  ranipur more haridwar uttarakhand 
JAYA MAXWELL HOSPITAL ,PrivateP,HARIDWAR,"General Surgery                                                 (SG) ,Paediatric Medical management                                   (MP) ,Polytrauma                                                      (ST) ,Oral and Maxillofacial Surgery                                  (SM) ,Otorhinolaryngology                                             (SL) ,Urology                                                         (SU) ,Orthopaedics                                                    (SB) ,Obstetrics   Gynaecology                                        (SO) ,Neo-natal care Packages                                         (MN) ,Neurosurgery                                                    (SN) ",9897536677,jayamaxwell2020@gmail.com,Jaya Maxwell Hospital Nh-58 Bahadrabad Bypass Road Atmalpur Bongla Bahadrabad Haridwar Uttarakhand
BHAGWATIHOSPITALS PRIVATE LIMITED,PrivateP,HARIDWAR,General Surgery                                                 (SG) ,8899710005,BHAGWATIHOSP@YAHOO.CO.IN,325 CHAW MANDI ROORKEE
Deepak Savitri Global Hospital & Heart Care,PrivateNP,HARIDWAR,"Cardiology                                                      (MC) ,General Medicine                                                (MG) ,General Surgery                                                 (SG) ",7500170420,dsglobalhospital@gmail.com,"Chak No. 389, GATA No. 245/02, Asaf Nagar Delhi Road, Roorkee"
PRATAP NURSING HOME ,PrivateP,HARIDWAR,"Opthalmology (S3) ,General Surgery (S1) ,Obstetrics & Gynaecology (S4) ",9634010493,pranam82@gmail.com,641/1 CHAVMANDI
OJAS HOSPITAL,PrivateP,HARIDWAR,"Otorhinolaryngology (S2) ,General Surgery (S1) ,Obstetrics & Gynaecology (S4) ,Orthopaedics (S5) ,,General Medicine (M1) ,Paediatric medical management (M2) ,Paediatric cancer (M4) ,,Medical Oncology (M5) ",9634111100,drdeepak.hdr@gmail.com,sarai road jwalapur haridwar
LIFE LINE SUPERSPECIALITY AND KGN MEDICAL CENTRE,PrivateP,HARIDWAR,"General Surgery (S1) ,Paediatric medical management (M2) ",9997172761,drasifali7lifelinehrd@gmail.com,P.A.C ROAD RANIPUR GAO JWALAPUR
naveen eye hospital,PrivateP,HARIDWAR,Opthalmology (S3) ,9917156194,naveeneyeh@gmail.com,"Naveen eye hospital,Malviya chowk,Dehradoon road, Roorkee"
Ganga Mata Charitable Eye Hospital,PrivateNP,HARIDWAR,Opthalmology                                                    (SE) ,8077989877,gmeh.hdr@gmail.com,Saptrishi Link Road Haridwar
Soban Singh Jeena Base Hospital,Public,NAINITAL,",General Medicine (M1) ,Paediatric medical management (M2) ,Paediatric cancer (M4) ,Opthalmology (S3) ,Radiation Oncology (M6) ,Otorhinolaryngology (S2) ,General Surgery (S1) ,Neurosurgery (S8) ,Orthopaedics (S5) ,Paediatric surgery (S14) ",9732567581,basehospitalhld@gmail.com,soban singh jeena base hospital 
B D PANDEY DISTT MALE HOSPITAL NAINITAL,Public,NAINITAL,"Otorhinolaryngology (S2) ,Medical Oncology (M5) ,Mental Disorders Packages (M8) ,General Surgery (S1) ,Opthalmology (S3) ,Orthopaedics (S5) ,,Paediatric medical management (M2) ,Paediatric cancer (M4) ",9412084522,bd.pandey46@yahoo.com,"MALLITAL, NAINITAL"
B D PANDEY  DISTRICT FEMALE HOSPITAL NAINITAL,Public,NAINITAL,Obstetrics & Gynaecology (S4) ,7310807288,bdpfhntl1@gmail.com,MALLITAL NAINITAL 
chc ramgarh,Public,NAINITAL,,9410111273,chcramghar@gmail.com,kumaun / COMMUNITY HEALTH CENTRE RAMGRAH
Female Hospital,Public,NAINITAL,Obstetrics & Gynaecology (S4) ,9997333402,anand79_p@rediffmail.com,female hospital haldwani kaladungi chaowk
Ramdutt Joshi Govt. Combined Hospital Ramnagar,Public,NAINITAL,"Paediatric cancer (M4) ,Paediatric medical management (M2) ,",9568184000,chramnagar@rediffmail.com,RAMNAGAR
chc bhimtal,Public,NAINITAL,"Obstetrics & Gynaecology (S4) ,Opthalmology (S3) ,Paediatric cancer (M4) ,General Surgery (S1) ,",8279764968,chcbhimtalntl@gmail.com,CHC BHIMTAL
CHC KOTABAGH,Public,NAINITAL,,7579436993,chckotabagh@gmail.com,AWALAKOT KOTABAGH
GB Pant Hospital,Public,NAINITAL,"General Surgery (S1) ,Paediatric medical management (M2) ,Obstetrics & Gynaecology (S4) ",9548980449,suptdgbpantntl@gmail.com,Tallital nainital
CHC Bhawali,Public,NAINITAL,Paediatric medical management (M2) ,9719318444,chcbhowali@gmail.com,Bhowali Nainital
CHC Betalghat,Public,NAINITAL,Paediatric medical management (M2) ,7409074096,chcbetalghat@gmail.com,Betalghat Nainital
CHC garampani,Public,NAINITAL,Paediatric medical management (M2) ,7409074096,chc.garampani@gmail.com,chhara
CHC Kaladungi,Public,NAINITAL,Paediatric medical management (M2) ,9675951305,chckaladhungi@gmail.com,Kaladhungi
CHC Suyalbari,Public,NAINITAL,Paediatric medical management (M2) ,7500559120,chc.suyalbari@gmail.com,Suyalbari
Susheela Tiwari Government Hospital,Public,NAINITAL,"Follow up Surgical (M13) ,Otorhinolaryngology (S2) ,Obstetrics & Gynaecology (S4) ,Orthopaedics (S5) ,Paediatric surgery (S14) ,Paediatric medical management (M2) ,Paediatric cancer (M4) ,General Surgery (S1) ,,Mental Disorders Packages (M8) ,Opthalmology (S3) ",8869012233,principal.gmchld@rediffmail.com,"STGH, Rampur Road, Haldwani"
Eye Q Vision Pvt Ltd,PrivateP,NAINITAL,Opthalmology (S3) ,9717292625,cashless@eyeqindia.com,"Eye Q Super Speciality Eye Hospital, 8/6 Bhotia Padao Nanital Road, Haldwani"
CITY HOSPITAL AND RESEARCH CENTRE,PrivateNP,NAINITAL,"Paediatric medical management (M2) ,General Surgery (S1) ,Obstetrics & Gynaecology (S4) ,Orthopaedics (S5) ,Otorhinolaryngology (S2) ,Paediatric cancer (M4) ,Mental Disorders Packages (M8) ",9837350453,hospitalcity@ymail.com,TEENPANI BAREILLY ROAD HALDWANI
BOMBAY HOSPITAL AND RESEARCH CENTRE,PrivateP,NAINITAL,",Surgical Oncology (S15) ,Obstetrics & Gynaecology (S4) ,Paediatric medical management (M2) ,Otorhinolaryngology (S2) ,,Paediatric cancer (M4) ,Emergency Room Packages (Care requiring less than 12 hrs stay) (M7) ,Mental Disorders Packages (M8) ,Orthopaedics (S5) ,Plastic & reconstructive (S10) ,General Medicine (M1) ,Paediatric surgery (S14) ,Opthalmology (S3) ,General Surgery (S1) ",9917466072,bombayhospital36@yahoo.com,NEAR SAURABH HOTEL AVAS VIKAS ROAD 
VEDANTA NETRALYA LLP,PrivateP,NAINITAL,Opthalmology (S3) ,9917954901,tpavedantanetralya@gmail.com,"Canal road, Tikonia, Opposit Durga City Center"
RAHI CARE PVT LTD ,PrivateP,NAINITAL,Radiation Oncology (M6) ,7607076070,Haldwani@rahicare.com,"Agarwal Bhawan ,Near M.B.P.G College , Nainital Road, Haldwani  "
Brijesh Hospital,PrivateP,NAINITAL,"General Surgery (S1) ,Interventional Neuroradiology (S9) ,Obstetrics & Gynaecology (S4) ",9761063002,agarwal.dr@gmail.com,shivlalpur near axis bank
BRIJ LAL HOSPITAL & RESEARCH CENTRE PVT.LTD.,PrivateP,NAINITAL,"Obstetrics   Gynaecology                                        (SO) ,Otorhinolaryngology                                             (SL) ,General Medicine                                                (MG) ,Orthopaedics                                                    (SB) ,Polytrauma                                                      (ST) ,General Surgery                                                 (SG) ,Cardiology                                                      (MC) ",8533838306,shekharkumar.59@gmail.com,ANANDI TOWER NAINITAL ROAD
Baba Neem Karori Multispecialty Hospital & Trauma Centre,PrivateNP,NAINITAL,"General Surgery                                                 (SG) ,Emergency Room Packages (Care requiring less than 12 hrs stay)  (ER) ,Obstetrics   Gynaecology                                        (SO) ,Orthopaedics                                                    (SB) ,Polytrauma                                                      (ST) ,General Medicine                                                (MG) ,Oral and Maxillofacial Surgery                                  (SM) ",7300919149,bnkhospitals@gmail.com,"Peerumadara, Ramnagar Road, Ramnagar-244715"
Sai Hospital,PrivateP,NAINITAL,"Urology                                                         (SU) ,General Medicine                                                (MG) ,General Surgery                                                 (SG) ,Orthopaedics                                                    (SB) ",9634730285,saihospital.sati@gmail.com,KALADHUNGI ROAD MUKHANI CHAURAHA HALDWANI NAINITAL UTTRAKHAND (263139)
Ujala Cygnus Central Hospital,PrivateP,NAINITAL,"General Medicine                                                (MG) ,Interventional Neuroradiology                                   (IN) ,Neurosurgery                                                    (SN) ,Urology                                                         (SU) ,Orthopaedics                                                    (SB) ,Cardiology                                                      (MC) ",8700274206,dr.navneet_ujalacygnus90@outlook.com,"Near Gas godam tiraha, Kaladungi road, Kusumkhera"
SHUBHANU EYE HOSPITAL,PrivateP,NAINITAL,Opthalmology                                                    (SE) ,7466073214,amshubhanueyehospital@gmail.com," 1st floor , kholi tower, civil lines , Thandi sadak , haldwani "
ANURJUN MATERNITY & LAPAROSCOPY SURGICAL CENTRE,PrivateP,NAINITAL,"General Medicine                                                (MG) ,Urology                                                         (SU) ,Orthopaedics                                                    (SB) ,General Surgery                                                 (SG) ,Paediatric Medical management                                   (MP) ",9719509659,anurjunhospital@gmail.com,"Behind Nainital Bank, Kaladhungi Road, Pilikothi, Haldwani-263139, Nainital (Uttarakhand)"
DRISHTI CENTRE FOR ADVANCED EYE CARE,PrivateP,NAINITAL,Opthalmology (S3) ,9557158557,drishtieyecarehld@gmail.com,"DURGA CITY CENTRE, NEAR MB DEGREE COLLEGE"
CHC BIRONKHAL,Public,PAURI GARHWAL,",Paediatric medical management (M2) ",9690655987,bpmubironkhal1@gmail.com,CHC BIRONKHAL
District Women Hospital Pauri,Public,PAURI GARHWAL,Obstetrics & Gynaecology (S4) ,9412983558,cms.pauri.female@gmail.com,District Female Hospital
District Hospital Pauri ,Public,PAURI GARHWAL,"Paediatric cancer (M4) ,General Surgery (S1) ,Otorhinolaryngology (S2) ,Opthalmology (S3) ,Orthopaedics (S5) ,Interventional Neuroradiology (S9) ,,General Medicine (M1) ,Paediatric medical management (M2) ",8006998557,cmspauri37@gmail.com,DISTRICT HOSPITAL PAURI
CHC Pabau,Public,PAURI GARHWAL,"Paediatric medical management (M2) ,,Obstetrics & Gynaecology (S4) ",7351545495,bpmupabau1@gmail.com,"CHC Pabau, Block-Pabau,district-Pauri Garhwal"
CHC GHANDIYAL,Public,PAURI GARHWAL,Paediatric medical management (M2) ,7906403982,sndthplyl1533@gmail.com,CHC GHANDIYAL PAURI GARHWAL
CHC Nanidanda,Public,PAURI GARHWAL,Paediatric medical management (M2) ,9639741841,bpmunainidanda@gmail.com,CHC Nainidanda
HNB BASE TEACHING HOSPITAL SRINAGAR GARHWAL,Public,PAURI GARHWAL,"Otorhinolaryngology (S2) ,Opthalmology (S3) ,Follow up Surgical (M13) ,Obstetrics & Gynaecology (S4) ,General Medicine (M1) ,Orthopaedics (S5) ,Paediatric medical management (M2) ,Paediatric cancer (M4) ,General Surgery (S1) ,",8954226416,vcsggimsr@gmail.com,SRINAGAR GARHWAL
CHC THALISAIN,Public,PAURI GARHWAL,Paediatric medical management (M2) ,9627947572,bpmuthalisain@gmail.com,CHC Thalisain Pauri garhwal
GOVT BASE HOSPITAL KOTDWARA,Public,PAURI GARHWAL,"Paediatric medical management (M2) ,General Surgery (S1) ,Otorhinolaryngology (S2) ,Opthalmology (S3) ,Obstetrics & Gynaecology (S4) ,Orthopaedics (S5) ,Paediatric cancer (M4) ,",9045101602,preetam.nirankari@gmail.com,GOVT BASE HOSPITAL KOTDWARA
Government Combined Hospital Srinagar Garhwal,Public,PAURI GARHWAL,"Obstetrics & Gynaecology (S4) ,Paediatric cancer (M4) ,Paediatric medical management (M2) ,,General Surgery (S1) ",7465812178,med.supdt.sri@gmail.com,Govt.Combined Sub district Hospital  Srinagar Garhwal
KOTDWAR EYE HOSPITAL AND HEALTHCARE,PrivateP,PAURI GARHWAL,Opthalmology (S3) ,9412081956,kdreyehospital99@yahoo.co.in,"Badrinath Marg, Lower Kalabarh,"
The hans Foundation General Hospital Aunit of hans caltural center,PrivateNP,PAURI GARHWAL,"Opthalmology (S3) ,,Paediatric medical management (M2) ,Orthopaedics (S5) ,General Medicine (M1) ,Obstetrics & Gynaecology (S4) ,General Surgery (S1) ,Surgical Oncology (S15) ",7455042015,vimal.bhatt@thfhospitals.org,"The Hans Foundation General Hospital, Dayalpuram Chamoli Sain Banghat Road, Satpuli"
MAA KAMAKHYA MULTISPECIALITY HOSPITAL,PrivateP,PAURI GARHWAL,"General Surgery                                                 (SG) ,General Medicine                                                (MG) ",8585971169,kamakhya.ayushman@yahoo.com,OPP. DEVI MANDIR PADAMPUR SUKHRO KOTDWAR
B D Pandey District Hospital,Public,PITHORAGARH,"Orthopaedics (S5) ,,General Medicine (M1) ,Opthalmology (S3) ,Paediatric medical management (M2) ,Paediatric cancer (M4) ,Mental Disorders Packages (M8) ,Neurosurgery (S8) ,General Surgery (S1) ,Otorhinolaryngology (S2) ",9997625756,pmsdhpth@gmail.com,Bank Road Pithoragarhban
H G PANT FEMALE HOSPITAL,Public,PITHORAGARH,"Paediatric medical management (M2) ,Paediatric cancer (M4) ,Obstetrics & Gynaecology (S4) ,General Surgery (S1) ",9917182196,cms.fh.pithoragarh@gmail.com,GANDHI CHAWK  PITHORAGARH
CHC DIDIHAT,Public,PITHORAGARH,"General Surgery (S1) ,Paediatric medical management (M2) ",8449381797,DIDIHATCHC@gmail.com,CHC Didihat
CHC Gangolihat,Public,PITHORAGARH,"Paediatric medical management (M2) ,General Surgery (S1) ",9756247094,chcgangolihat@gmail.com,CHC GANGOLIHAT
CH DHARCHULA,Public,PITHORAGARH,"Paediatric medical management (M2) ,General Surgery (S1) ",9458852576,chcdharchula@gmail.com,Combined hospital Dharchula
CHC MUNSYARI,Public,PITHORAGARH,"Paediatric medical management (M2) ,General Surgery (S1) ",8958031633,chcmunsyari@gmail.com,CHC MUNSYAI
CHC BERINAG,Public,PITHORAGARH,Paediatric medical management (M2) ,7078585501,phcberinag@gmail.com,chc berinag
Sanjeevani Hospital and Medicose,PrivateP,PITHORAGARH,"Infectious Diseases (ID) ,General Medicine                                                (MG) ,Paediatric Medical management                                   (MP) ,Neo-natal care Packages                                         (MN) ,Emergency Room Packages (Care requiring less than 12 hrs stay)  (ER) ,General Surgery                                                 (SG) ,Burns Management                                                (BM) ,Oral and Maxillofacial Surgery                                  (SM) ,Opthalmology                                                    (SE) ,Obstetrics   Gynaecology                                        (SO) ,Orthopaedics                                                    (SB) ,Polytrauma                                                      (ST) ",7088837333,sanjeevani.tpadesk@gmail.com,Panda Bypass 
Renu Jagdish Diagnostic and Trauma Centre,PrivateP,PITHORAGARH,Orthopaedics                                                    (SB) ,8587072095,rjhospital01@gmail.com,Near Aptech Tiraha GIC Road Pithoragarh
Dictrict Hospital Rudraprayag,Public,RUDRA PRAYAG,"Otorhinolaryngology (S2) ,Paediatric cancer (M4) ,Paediatric medical management (M2) ,Obstetrics & Gynaecology (S4) ,General Surgery (S1) ,,Opthalmology (S3) ,Orthopaedics (S5) ",8938062775,laxmichaudhary599@gmail.com,District Hospital Rudraprayag
CHC  JAKHOLI,Public,RUDRA PRAYAG,,7668827614,bpmujak@gmail.com,CHC JAKHOLI
CHC Augustmuni,Public,RUDRA PRAYAG,Paediatric medical management (M2) ,9501968083,mamta2126@gmail.com,CHC Augustmuni
DH BAURARI123,Public,TEHRI GARHWAL,"Paediatric cancer (M4) ,Obstetrics & Gynaecology (S4) ,Paediatric medical management (M2) ,,Orthopaedics (S5) ,General Surgery (S1) ,Otorhinolaryngology (S2) ,Opthalmology (S3) ",9634232415,mstehri@gmail.com,"District hospital Baurari, New Tehri"
CHC THATYUR,Public,TEHRI GARHWAL,Paediatric medical management (M2) ,9897253192,bpmuthatyure@gmail.com,THATYUR
Sridev Suman Government Combined Hospital,Public,TEHRI GARHWAL,"Paediatric medical management (M2) ,Opthalmology (S3) ,Obstetrics & Gynaecology (S4) ,Paediatric cancer (M4) ",9456389163,surender.dhamanda@gmail.com,Narendranagar Tehri Garhwal 
CHC HINDOLAKHAL,Public,TEHRI GARHWAL,Paediatric medical management (M2) ,9997206352,bpmudevprayag3@gamil.com,CHC HINDOLAKHAL
CHC PRATAPNAGAR,Public,TEHRI GARHWAL,Paediatric medical management (M2) ,9557326217,kalura.arvind2@gmail.com,pratapnagar
CHC KIRTINAGAR,Public,TEHRI GARHWAL,Paediatric medical management (M2) ,8218103085,bhandarirajni878@gmail.com,community health center kirtinagar
CHC CHAMBA,Public,TEHRI GARHWAL,Paediatric medical management (M2) ,9456372519,bpmuchamba@gmail.com,Block road chamba
CHC BELESHWAR,Public,TEHRI GARHWAL,Paediatric medical management (M2) ,7310516159,bpmupilkhi@gmail.com,VILL- BELESHWAR P.O CHAMIYALA
CHC CHAM,Public,TEHRI GARHWAL,Paediatric medical management (M2) ,7037262587,bpmuchaam@gmail.com,CHC CHAAM
CHC DEVPRAYAG,Public,TEHRI GARHWAL,Paediatric medical management (M2) ,8505988106,bpmudevprayag@gmail.com,CHC DEVPRAYAG
JAWAHAR LAL NEHRU DISTRICT HOSPITAL,Public,UDAM SINGH NAGAR,,9411108242,qmujlnusn@gmail.com,HALDWANI ROAD RUDRAPUR
Civil Hospital Khatima,Public,UDAM SINGH NAGAR,"Radiation Oncology (M6) ,,Orthopaedics (S5) ,Obstetrics & Gynaecology (S4) ,Opthalmology (S3) ,General Surgery (S1) ,Paediatric cancer (M4) ,Paediatric medical management (M2) ,Burns management (S11) ,Interventional Neuroradiology (S9) ",7895679678,chckhatima@gmail.com,"Sitarganj Road, Khatima"
chc sitarganj,Public,UDAM SINGH NAGAR,"Obstetrics & Gynaecology (S4) ,General Surgery (S1) ,Orthopaedics (S5) ,Paediatric medical management (M2) ",7668387542,chcsitarganj@gmail.com,MAHARANA PRATAP CHOWK  SITARGANJ
SBBPCHCKICHHA,Public,UDAM SINGH NAGAR,,9870730791,CHCKICHHA@GMAIL.COM,MAIN MARKET
CHC JASPUR,Public,UDAM SINGH NAGAR,,7830483550,chcjaspurusnuk@gmail.com,CHC JASPUR MOH. BHOOP SINGH
CHC Gadarpur,Public,UDAM SINGH NAGAR,,8273078650,chcgadarpur1@gmail.com,CHC Gadarpur Kashipur Road Gadarpur 
CHC Bazpur,Public,UDAM SINGH NAGAR,,9105480170,chcbajpur@gmail.com,RAMRAJ ROAD
LDB SUB DISTRICT HOSPITAL,Public,UDAM SINGH NAGAR,Paediatric medical management (M2) ,8447746879,ravindrakpv@gmail.com,"Ramnagar Road,Kashipur"
Agarwal ortho care and trauma centre,PrivateP,UDAM SINGH NAGAR,Orthopaedics (S5) ,9027075332,dr.agarwalankur@rediffmail.com,"Moradabad road,near Dr Ila Mehrotra nursing home,kashipur"
CHAMUNDA HOSPITAL AND LAPROSCOPIC CENTRE PVT LTD,PrivateNP,UDAM SINGH NAGAR,"Radiation Oncology (M6) ,General Medicine (M1) ,Orthopaedics (S5) ,,Paediatric medical management (M2) ,Paediatric cancer (M4) ,Interventional Neuroradiology (S9) ,Paediatric surgery (S14) ,Obstetrics & Gynaecology (S4) ,General Surgery (S1) ",9897500696,yashpal_ksp28@rediffmail.com,CHAMUNDA HOSPITAL AND LAPROSCOPIC CENTER 
UJALA HEALTHCARE SERVICES LTD,PrivateP,UDAM SINGH NAGAR,"Emergency Room Packages (Care requiring less than 12 hrs stay) (M7) ,Medical Oncology (M5) ,General Medicine (M1) ,Oral and Maxillofacial Surgery (S16) ,Surgical Oncology (S15) ,Paediatric surgery (S14) ,Cardio-thoracic & Vascular surgery (S13) ,Cardiology (S12) ,Plastic & reconstructive (S10) ,Burns management (S11) ,Otorhinolaryngology                                             (SL) ,Paediatric Medical management                                   (MP) ,Neo-natal care Packages                                         (MN) ,Mental Disorders Packages (M8) ,Radiation Oncology (M6) ,Oral and Maxillofacial Surgery                                  (SM) ,General Medicine                                                (MG) ,General Surgery (S1) ,Urology                                                         (SU) ,Cardio-thoracic   Vascular surgery                              (SV) ,Opthalmology (S3) ,Obstetrics & Gynaecology (S4) ,Orthopaedics (S5) ,Neurosurgery (S8) ",8006555101,tpaujalahospital@gmail.com,"Kachnal Ghazi, Manpur Road"
Anand Hospital And Research Centre,PrivateP,UDAM SINGH NAGAR,"Obstetrics & Gynaecology (S4) ,Paediatric cancer (M4) ,General Surgery (S1) ,General Medicine (M1) ,Mental Disorders Packages (M8) ,Paediatric medical management (M2) ,Orthopaedics (S5) ",9219828888,anandhospital2011@gmail.com,"Sitarganj Road, Khatima"
Tapan Hospital and Researcha Centre,PrivateP,UDAM SINGH NAGAR,"Orthopaedics (S5) ,,Radiation Oncology (M6) ,General Medicine (M1) ,,Burns management (S11) ,Plastic & reconstructive (S10) ,Neurosurgery (S8) ,Obstetrics & Gynaecology (S4) ,Opthalmology (S3) ,Emergency Room Packages (Care requiring less than 12 hrs stay) (M7) ,Mental Disorders Packages (M8) ,Otorhinolaryngology (S2) ,General Surgery (S1) ,Paediatric medical management (M2) ,Paediatric cancer (M4) ",7500264808,sanjaysharma.sistem@gmail.com,Sitarganj Road Khatima
SHREE RAM EYE CARE AND NURSING HOME,PrivateP,UDAM SINGH NAGAR,"Obstetrics & Gynaecology (S4) ,Opthalmology (S3) ",7055280006,shreerameyecare@gmail.com,"DOCTOR COLONY, CIVIL LINE"
I Sight super speciality eye care centre ,PrivateP,UDAM SINGH NAGAR,Opthalmology (S3) ,8574627459,isighteyecentreac@gmail.com,lane no. 1 doctor colony civil line
Hi Tech Hospital,PrivateP,UDAM SINGH NAGAR,Opthalmology                                                    (SE) ,9837120191,drsatanshumathur@gmail.com,Girital Road KASHIPUR
Agarwal hospital and trauma centre,PrivateP,UDAM SINGH NAGAR,"Obstetrics & Gynaecology (S4) ,Orthopaedics (S5) ",7895138242,drprakshay@gmail.com,"14/15 bhurarani road , opposite haryana rice mill"
Govil Hospital,PrivateP,UDAM SINGH NAGAR,"Obstetrics & Gynaecology (S4) ,Paediatric surgery (S14) ,Orthopaedics (S5) ,General Surgery (S1) ",9997740708,govil.tpadesk@gmail.com,"Ramnagar Road, Kashipur"
AMRIT HOSPITAL,PrivateNP,UDAM SINGH NAGAR,"Obstetrics & Gynaecology (S4) ,Paediatric cancer (M4) ,Paediatric medical management (M2) ,Orthopaedics (S5) ,Medical Oncology (M5) ,General Surgery (S1) ",9359494102,amrithospitalrdr@gmail.com,KASHIPUR ROAD
siddhi vinayak hospital,PrivateP,UDAM SINGH NAGAR,"Paediatric medical management (M2) ,Orthopaedics (S5) ,Obstetrics & Gynaecology (S4) ",9012100063,svhkashipur2014@gmail.com,opp. mandi chowki sarwarkhera moradabad road kashipur
KVR Hospital,PrivateP,UDAM SINGH NAGAR,",General Surgery (S1) ,Obstetrics & Gynaecology (S4) ,Paediatric cancer (M4) ,Orthopaedics (S5) ",9045710739,kvrtpa@gmail.com,"Near Reliance Petrol, Moradabad Road, Kashipur "
SWASTIK HOSPITAL,PrivateP,UDAM SINGH NAGAR,Orthopaedics (S5) ,9258747125,swastikhospitalkashipur@gmail.com,"OPP.MAHINDRA TRACTOR AGENCY ,MORADABAD ROAD ,KASHIPUR"
Navya Hospital,PrivateNP,UDAM SINGH NAGAR,"General Surgery                                                 (SG) ,Neo-natal care Packages                                         (MN) ,Paediatric Medical management                                   (MP) ,Obstetrics   Gynaecology                                        (SO) ,Orthopaedics                                                    (SB) ",8057422783,hospitalnavya@gmail.com,near dhela pul moradabad road
PRAYAS HOSPITAL ,PrivateNP,UDAM SINGH NAGAR,General Medicine                                                (MG) ,8193810007,prayas.hospital13@gmail.com,"Tanakpur Raod, Khatima, Uttarakhand "
ujala hospital,PrivateP,UDAM SINGH NAGAR,"General Medicine                                                (MG) ,Obstetrics   Gynaecology                                        (SO) ,Neo-natal care Packages                                         (MN) ,General Surgery                                                 (SG) ,Orthopaedics                                                    (SB) ,Paediatric Medical management                                   (MP) ,Emergency Room Packages (Care requiring less than 12 hrs stay)  (ER) ,Opthalmology                                                    (SE) ,Urology                                                         (SU) ",8958503390,billing.ksp2@ujalahospital.com,"Ramnagar Road, Opp.Govt.Hospital, Kashipur"
Sahota Super Speciality Hospital & Neruotrauma Centre,PrivateP,UDAM SINGH NAGAR,"General Medicine                                                (MG) ,General Surgery                                                 (SG) ,Orthopaedics                                                    (SB) ,Urology                                                         (SU) ,Opthalmology                                                    (SE) ,Cardiology                                                      (MC) ",8193810002,sahotahospitaltpa@gmail.com,Opp jaspur bus stand moradabad road kashipur utarakhand 
SPARSH HOSPITAL AND RESEARCH CENTRE ,PrivateP,UDAM SINGH NAGAR,"Paediatric medical management (M2) ,Opthalmology (S3) ,Paediatric cancer (M4) ,General Surgery (S1) ,Otorhinolaryngology (S2) ,Orthopaedics (S5) ",9458998103,tpasparshhospital1@gmail.com,"OPP.BLOCK GATE, SITARGANJ ROAD, KHATIMA"
SH. MULTISPECIALITY HOSPITAL,PrivateP,UDAM SINGH NAGAR,"General Surgery                                                 (SG) ,Orthopaedics                                                    (SB) ,Urology                                                         (SU) ",6397345052,tpashmultispeciality@gmail.com,PILIBHIT ROAD SITARGANJ
KUMAR EYE CARE,PrivateP,UDAM SINGH NAGAR,Opthalmology                                                    (SE) ,8279849899,kumareyecare20@gmail.com,OPP.S.B.I SITARGANJ ROAD KHATIMA
Panth Ratan Baba Harbans Singh ji Baba Tahal Singh ji Charitable Hospital,PrivateNP,UDAM SINGH NAGAR,"General Medicine                                                (MG) ,Polytrauma                                                      (ST) ,Emergency Room Packages (Care requiring less than 12 hrs stay)  (ER) ,General Surgery                                                 (SG) ,Opthalmology                                                    (SE) ,Orthopaedics                                                    (SB) ,Burns Management                                                (BM) ,Urology                                                         (SU) ",8449093777,panthratannmt@gmail.com,Nanakmata Sahib
Cheema Hospital & Trauma Centre,PrivateP,UDAM SINGH NAGAR,"Orthopaedics                                                    (SB) ,General Medicine                                                (MG) ,Polytrauma                                                      (ST) ,Emergency Room Packages (Care requiring less than 12 hrs stay)  (ER) ,General Surgery                                                 (SG) ",8860234754,RANVEER.CHEEMA@gmail.com,"446/4, Kichha Road, Bigwara"
DEVKI NANDAN HOSPITAL,PrivateP,UDAM SINGH NAGAR,"General Surgery                                                 (SG) ,Obstetrics   Gynaecology                                        (SO) ,Urology                                                         (SU) ",9837069941,puneet.dnh2@gmail.com,"TEHSIL ROAD ,KASHIPUR"
pragati hospital,PrivateP,UDAM SINGH NAGAR,"Urology                                                         (SU) ,General Medicine                                                (MG) ,General Surgery                                                 (SG) ,Emergency Room Packages (Care requiring less than 12 hrs stay)  (ER) ",8449761234,pragatihospitalkashipur@gmail.com,"NEAR DHELA BRIDGE, MORADABAD ROAD, KASHIPUR"
PRAYAS HOSPITAL AND RESEARCH CENTRE,PrivateP,UDAM SINGH NAGAR,"Obstetrics   Gynaecology                                        (SO) ,Orthopaedics                                                    (SB) ,General Medicine                                                (MG) ",7500799462,abhitiwari462@gmail.com,SIDCUL ROAD SITARGANJ UDHAM SINGH NAGAR  UTTARAKHAND 262405
KRISHAN HOSPITAL AND CRITICAL CARE CENTER ,PrivateNP,UDAM SINGH NAGAR,"Paediatric surgery                                              (SS) ,Emergency Room Packages (Care requiring less than 12 hrs stay)  (ER) ,General Surgery                                                 (SG) ,Plastic   reconstructive Surgery                                (SP) ,Oral and Maxillofacial Surgery                                  (SM) ,Obstetrics   Gynaecology                                        (SO) ,Orthopaedics                                                    (SB) ,Polytrauma                                                      (ST) ,Urology                                                         (SU) ,Infectious Diseases (ID) ,Neo-natal care Packages                                         (MN) ,Paediatric Medical management                                   (MP) ,Burns Management                                                (BM) ,General Medicine                                                (MG) ,Cardiology                                                      (MC) ",9068851444,krishanhospitalandcriticalcare@gmail.com,D1 D2 CIVIL LINES RUDRAPUR
MAHAJAN HOSPITAL,PrivateP,UDAM SINGH NAGAR,"Obstetrics   Gynaecology                                        (SO) ,Orthopaedics                                                    (SB) ,General Surgery                                                 (SG) ,General Medicine                                                (MG) ",9837420201,dropmahajan@gmail.com,BHURARANI ROAD NEAR TRIMURTI PLYWOOD FACTORY
PRAKASH EYE HOSPITAL AND LASER CENTRE,PrivateP,UDAM SINGH NAGAR,Opthalmology                                                    (SE) ,9756656002,PRAKASHEYEHOSPITALRDR@GMAIL.COM,"D1-D2,DOCTOR COLONY,LANE-2,CIVIL LINES"
prime lifecare super speciality hospital,PrivateP,UDAM SINGH NAGAR,"Orthopaedics                                                    (SB) ,Paediatric surgery                                              (SS) ,Emergency Room Packages (Care requiring less than 12 hrs stay)  (ER) ,General Medicine                                                (MG) ,General Surgery                                                 (SG) ,Paediatric Medical management                                   (MP) ",8126822855,primehospitalkashipur@gmail.com,"KHASRA NO.350, RAMNAGAR ROAD, OPPOSITE BANK COLONY, KACHNALGAZI"
Prabhu Netralaya,PrivateP,UDAM SINGH NAGAR,Opthalmology                                                    (SE) ,9927041631,prabhu.netralaya157@gmail.com,OPP BLOCK GATE SITARGANJ ROAD KHATIMA 
IMAGE EYE HOSPITAL,PrivateP,UDAM SINGH NAGAR,Opthalmology                                                    (SE) ,9457620945,sonali.says@gmail.com,FIRST FLOOR ASHOKA COMPLEX NEAR PWD GUEST HOUSE MORADABAD ROAD KASHIPUR 
PAGIA HOSPITAL,PrivateP,UDAM SINGH NAGAR,"Paediatric Medical management                                   (MP) ,Emergency Room Packages (Care requiring less than 12 hrs stay)  (ER) ,Otorhinolaryngology                                             (SL) ,Neo-natal care Packages                                         (MN) ,Infectious Diseases (ID) ,General Medicine                                                (MG) ",7088836333,pagiahospital.tpadesk@gmail.com,Bajpur Road Kashipur 
PRABHU NETRALAYA,PrivateP,UDAM SINGH NAGAR,Opthalmology                                                    (SE) ,7252957731,prabhu.netralayardr157@gmail.com,CIVIL LINES DOCTORS COLONY GALI NO 1 NEAR RUDRA MRI RUDRAPUR
NARULA HOSPITAL,PrivateP,UDAM SINGH NAGAR,General Medicine                                                (MG) ,8126911688,drgurpreet82@gmail.com,RAMNAGAR ROAD KASHIPUR
Swastik Hospital,PrivateP,UDAM SINGH NAGAR,"Orthopaedics                                                    (SB) ,Polytrauma                                                      (ST) ,Infectious Diseases (ID) ,Burns Management                                                (BM) ,General Surgery                                                 (SG) ,Paediatric surgery                                              (SS) ,Emergency Room Packages (Care requiring less than 12 hrs stay)  (ER) ,Neo-natal care Packages                                         (MN) ,Paediatric Medical management                                   (MP) ,Obstetrics   Gynaecology                                        (SO) ,General Medicine                                                (MG) ",7830591111,tpaswastikhospital@gmail.com,"Lohia Head Road, Khatima, Udham Singh Nagar"
GAUTAM HOSPITAL,PrivateP,UDAM SINGH NAGAR,"Neo-natal care Packages                                         (MN) ,Emergency Room Packages (Care requiring less than 12 hrs stay)  (ER) ,General Surgery                                                 (SG) ,Opthalmology                                                    (SE) ,General Medicine                                                (MG) ,Paediatric Medical management                                   (MP) ,Orthopaedics                                                    (SB) ",7017360015,hr.gautamhospital@gmail.com,"GAUTAM HOSPITAL,KICHHA ROAD, NEAR RADHA SWAMI SATSANG, BIGWARA"
S K HOSPITAL,PrivateP,UDAM SINGH NAGAR,"General Surgery                                                 (SG) ,General Medicine                                                (MG) ",9927138436,skhospitaltpa54@gmail.com,"BELJUDI, JASPUR MOD, KASHIPUR"
THE MEDICITY RUDRAPUR,PrivateP,UDAM SINGH NAGAR,"Urology                                                         (SU) ,Orthopaedics                                                    (SB) ,Obstetrics   Gynaecology                                        (SO) ,General Surgery                                                 (SG) ,Cardiology                                                      (MC) ,Neurosurgery                                                    (SN) ,General Medicine                                                (MG) ,Paediatric Medical management                                   (MP) ,Surgical Oncology                                               (SC) ,Opthalmology                                                    (SE) ",7060081017,cao.medicity@gmail.com,TEEN PANI KICHHA ROAD
SHREE  KRISHNA HOSPITAL,PrivateP,UDAM SINGH NAGAR,"Radiation Oncology (M6) ,General Surgery (S1) ",8958800041,skhospitalkashipur@gmail.com,OPPOSITE CHAMUNDA MANDIR
DR. TURNA SURGICAL HOSPITAL ,PrivateP,UDAM SINGH NAGAR,"Orthopaedics (S5) ,Obstetrics & Gynaecology (S4) ,General Surgery (S1) ,Paediatric medical management (M2) ",9837058497,advocatebedig@gmail.com,KICHHA ROAD SITARGANJ DISTT UDHAM SINGH NAGAR 
maharaja agrasen charitable hospital,PrivateNP,UDAM SINGH NAGAR,"Obstetrics & Gynaecology (S4) ,,Paediatric cancer (M4) ,Paediatric medical management (M2) ,General Medicine (M1) ,,Oral and Maxillofacial Surgery (S16) ,Surgical Oncology (S15) ,Orthopaedics (S5) ,General Surgery (S1) ,Otorhinolaryngology (S2) ,Opthalmology (S3) ",7011766292,maharajaagrasenhospitalrdr@gmail.com,agrasen nagar kichha road rudrapur
Prakash Hospital & Research Foundation,PrivateP,UDAM SINGH NAGAR,"General Surgery                                                 (SG) ,General Medicine                                                (MG) ,Orthopaedics                                                    (SB) ,Obstetrics   Gynaecology                                        (SO) ,Paediatric Medical management                                   (MP) ",8439599446,prakash.hospital444@gmail.com,MORADABAD ROAD
CHC Chinyalisour,Public,UTTAR KASHI,,8979353440,chc.chinyalisour@gmail.com,CHC Chinyalisour
Community Health Center Naugaon,Public,UTTAR KASHI,,8755805188,ictcnaugaon@gmail.com,"CHCX Naugaon Uttarkashi ,Uttarkhand"
CHC Purola,Public,UTTAR KASHI,",Paediatric cancer (M4) ",8006190781,chcpurola01@gmail.com,Community Health Centre Purola
District Hospital Uttarkashi,Public,UTTAR KASHI,"Otorhinolaryngology (S2) ,General Surgery (S1) ,Obstetrics & Gynaecology (S4) ,Paediatric medical management (M2) ,Orthopaedics (S5) ,Opthalmology (S3) ",9412394912,cms.dhuki@gmail.com,DISTRICT HOSPITAL UTTARKASHI
